class_id,class_label,subclass_id,subclass_label,region_id,region_label,sample_id
1,a,0,a,2,a,AAACCTGAGACAAAGG-1
0,e,0,a,1,d,AAACCTGAGAGACGAA-1
0,b,3,d,1,b,AAACCTGAGTCGATAA-1
1,b,3,e,2,a,AAACCTGGTAGCACGA-1
0,c,0,c,4,a,AAACCTGGTCACCTAA-1
2,e,4,d,0,d,AAACCTGGTCTGATCA-1
1,a,2,a,4,d,AAACCTGGTGGTCTCG-1
1,a,4,e,3,e,AAACCTGGTTCCGGCA-1
0,a,4,d,0,e,AAACCTGTCATATCGG-1
4,d,3,b,3,e,AAACCTGTCCCGGATG-1
0,d,3,c,4,e,AAACCTGTCCGCATAA-1
2,e,2,b,0,d,AAACCTGTCGCTTAGA-1
4,c,4,d,1,c,AAACCTGTCTAGCACA-1
1,b,3,b,0,c,AAACGGGAGCGTCAAG-1
1,a,1,a,1,b,AAACGGGAGCTAACAA-1
3,c,0,d,0,b,AAACGGGAGTACACCT-1
2,a,1,d,0,c,AAACGGGAGTCAATAG-1
2,b,4,d,1,c,AAACGGGCAAATCCGT-1
2,e,0,e,1,a,AAACGGGCAGTCACTA-1
2,b,3,c,2,a,AAACGGGGTGACAAAT-1
1,b,3,c,1,a,AAACGGGGTGGGTATG-1
4,b,0,a,1,b,AAACGGGTCAATACCG-1
4,c,0,c,3,c,AAACGGGTCCTACAGA-1
3,c,0,c,1,d,AAAGATGAGATGTAAC-1
3,d,0,b,2,d,AAAGATGAGTGCGATG-1
0,b,1,c,4,d,AAAGATGCACAGCGTC-1
0,e,1,b,0,d,AAAGATGCATCACAAC-1
2,b,4,a,3,d,AAAGATGCATGCCTTC-1
4,e,4,a,1,b,AAAGATGGTAAAGGAG-1
2,d,2,a,3,c,AAAGATGGTACGCTGC-1
3,c,4,d,2,b,AAAGATGGTTCTGTTT-1
2,e,4,a,0,e,AAAGATGTCGCAAGCC-1
0,d,4,d,2,a,AAAGATGTCGCGGATC-1
0,b,2,e,3,c,AAAGCAAAGGATGTAT-1
1,e,2,a,4,b,AAAGCAAAGGCTACGA-1
1,b,3,b,4,e,AAAGCAAAGTTGCAGG-1
2,c,2,d,3,d,AAAGCAACACTCAGGC-1
4,c,4,d,2,d,AAAGCAACATCTCGCT-1
1,b,2,c,3,a,AAAGCAACATGTAAGA-1
3,b,1,b,0,e,AAAGCAAGTTAAGATG-1
4,b,0,b,2,b,AAAGCAAGTTGAACTC-1
2,a,1,d,4,e,AAAGCAATCATGGTCA-1
1,c,4,b,3,c,AAAGCAATCATGTCCC-1
4,b,3,e,1,d,AAAGCAATCTCAAACG-1
4,c,3,a,0,a,AAAGCAATCTCGAGTA-1
3,e,2,e,2,d,AAAGTAGAGACGACGT-1
2,e,0,d,0,e,AAAGTAGAGACTAGGC-1
0,b,1,b,2,d,AAAGTAGAGCACAGGT-1
0,a,0,e,4,b,AAAGTAGAGCGCCTTG-1
4,c,2,c,3,e,AAAGTAGAGCTAGTTC-1
2,e,2,a,2,e,AAAGTAGCACATTCGA-1
1,d,2,c,1,b,AAAGTAGGTCACTTCC-1
2,e,0,d,4,d,AAAGTAGGTTAAAGAC-1
4,b,2,c,2,b,AAAGTAGTCAATAAGG-1
1,b,4,b,3,c,AAAGTAGTCACCTCGT-1
1,d,2,d,2,e,AAAGTAGTCGCCTGAG-1
4,b,2,b,0,c,AAAGTAGTCGTTGCCT-1
3,a,0,c,2,e,AAAGTAGTCTGAGTGT-1
1,c,3,d,4,b,AAAGTAGTCTTAGCCC-1
2,c,1,d,1,e,AAAGTAGTCTTGGGTA-1
1,e,4,c,3,d,AAATGCCAGGAATCGC-1
4,d,2,b,2,e,AAATGCCAGGGATCTG-1
0,a,3,b,2,b,AAATGCCAGGTACTCT-1
1,e,2,a,1,d,AAATGCCCACAGATTC-1
3,c,3,d,2,e,AAATGCCCACGAGGTA-1
2,d,1,a,4,c,AAATGCCCAGACGTAG-1
0,a,3,b,0,a,AAATGCCCAGTACACT-1
4,a,3,d,0,d,AAATGCCGTAGGCATG-1
0,b,3,c,0,e,AAATGCCGTTCCGTCT-1
3,d,3,a,0,a,AAATGCCTCAATAAGG-1
0,e,1,c,1,e,AAATGCCTCACAGGCC-1
3,c,0,a,3,a,AAATGCCTCACTTACT-1
3,a,2,c,3,d,AAATGCCTCAGCTCGG-1
4,e,1,d,3,b,AAATGCCTCGCGTAGC-1
0,c,3,b,4,d,AAATGCCTCTACTCAT-1
2,a,0,b,1,a,AACACGTAGCCTATGT-1
2,a,0,b,2,d,AACACGTAGGCTACGA-1
2,a,0,a,4,a,AACACGTCATCCTAGA-1
1,b,2,a,0,e,AACACGTGTAGCCTAT-1
3,d,2,b,1,d,AACACGTGTAGGGACT-1
0,d,0,b,2,c,AACACGTGTGCTAGCC-1
0,c,4,a,1,e,AACACGTGTGTAATGA-1
0,b,4,d,3,d,AACACGTGTTCGAATC-1
0,e,0,d,4,b,AACACGTTCACCCGAG-1
0,e,1,a,2,a,AACACGTTCAGCTCGG-1
1,b,2,a,0,a,AACACGTTCATCGGAT-1
2,e,2,e,1,e,AACACGTTCCCAAGTA-1
2,c,3,e,2,e,AACCATGCAATGGAGC-1
2,e,1,a,1,b,AACCATGCAGGGATTG-1
1,a,4,b,1,d,AACCATGGTATATGAG-1
3,c,3,d,1,e,AACCATGGTCAGAAGC-1
3,d,3,c,0,b,AACCATGGTGCTGTAT-1
1,d,3,c,4,a,AACCATGGTTAAAGAC-1
4,b,4,d,3,c,AACCATGGTTCCATGA-1
0,d,1,a,4,d,AACCATGTCACTCCTG-1
4,d,1,d,3,b,AACCATGTCATTATCC-1
3,a,1,a,2,b,AACCATGTCGCATGGC-1
3,b,3,e,3,d,AACCATGTCGTTACAG-1
0,e,1,c,2,b,AACCGCGAGAATGTGT-1
0,a,2,a,0,b,AACCGCGAGACATAAC-1
1,a,0,d,2,a,AACCGCGAGCCCGAAA-1
1,c,0,c,2,e,AACCGCGCACAGACAG-1
4,b,4,d,4,c,AACCGCGCACGGACAA-1
0,c,3,b,4,b,AACCGCGCAGCTATTG-1
4,d,2,c,2,b,AACCGCGCATGCCACG-1
3,c,4,a,0,b,AACCGCGGTACAGTTC-1
3,e,0,b,3,e,AACCGCGGTGTGGTTT-1
3,d,1,a,4,a,AACCGCGTCAGAGCTT-1
2,c,3,e,3,e,AACCGCGTCAGCACAT-1
3,b,1,e,2,d,AACCGCGTCCCAAGTA-1
4,b,0,a,3,c,AACCGCGTCTGCAAGT-1
1,e,0,d,1,e,AACCGCGTCTTACCGC-1
3,a,0,b,2,c,AACGTTGAGACACGAC-1
2,c,4,d,3,a,AACGTTGAGCGTAGTG-1
4,e,1,a,1,b,AACGTTGAGTAGTGCG-1
1,a,2,c,0,a,AACGTTGCAATGCCAT-1
1,c,2,b,3,c,AACGTTGCACAGTCGC-1
4,e,4,d,4,c,AACGTTGCAGGGTTAG-1
3,d,2,e,4,d,AACGTTGCAGTCGATT-1
3,c,3,c,3,e,AACGTTGCATCGGTTA-1
4,a,1,c,0,c,AACGTTGGTCTTTCAT-1
1,c,3,c,3,e,AACGTTGGTGCGCTTG-1
1,e,0,c,4,c,AACGTTGTCACATGCA-1
1,b,1,d,4,d,AACGTTGTCATGTAGC-1
2,d,4,a,4,c,AACGTTGTCGCCCTTA-1
1,b,3,e,3,d,AACGTTGTCTAGCACA-1
4,a,0,a,3,c,AACGTTGTCTTGGGTA-1
0,e,1,b,1,b,AACTCAGAGATGTCGG-1
4,b,3,e,2,c,AACTCAGCAAGTTGTC-1
4,e,4,a,1,a,AACTCAGCAGCGATCC-1
2,d,2,d,0,e,AACTCAGGTGATGATA-1
2,c,1,c,4,a,AACTCAGGTGATGCCC-1
2,a,2,c,3,a,AACTCAGTCCCAGGTG-1
4,b,1,a,4,b,AACTCAGTCGTTTATC-1
2,d,0,c,0,b,AACTCCCAGATCACGG-1
0,e,2,d,1,a,AACTCCCAGCCGGTAA-1
1,d,0,a,1,b,AACTCCCAGGGTTCCC-1
1,c,0,e,1,b,AACTCCCAGTTTCCTT-1
1,a,3,e,0,d,AACTCCCCAATCTACG-1
1,d,4,c,0,d,AACTCCCCATGATCCA-1
3,e,1,d,2,b,AACTCCCCATTGAGCT-1
1,e,0,b,0,c,AACTCCCCATTTGCCC-1
1,d,3,c,3,a,AACTCCCGTGATAAGT-1
3,e,3,b,1,c,AACTCCCGTTTCGCTC-1
3,a,0,d,4,e,AACTCCCTCAACGCTA-1
0,c,4,d,1,b,AACTCCCTCCCATTAT-1
2,e,4,e,4,d,AACTCCCTCTCCCTGA-1
0,e,2,d,4,e,AACTCTTAGAATTGTG-1
4,e,0,a,0,d,AACTCTTAGATGTAAC-1
3,b,3,e,0,a,AACTCTTCACAAGCCC-1
2,a,2,e,1,c,AACTCTTCAGGTGGAT-1
2,e,3,d,0,b,AACTCTTCATGGTAGG-1
3,b,1,e,0,d,AACTCTTGTCCAAGTT-1
0,a,3,d,3,d,AACTCTTGTTCGTGAT-1
1,d,4,a,1,a,AACTCTTTCCATTCTA-1
1,c,2,e,1,b,AACTCTTTCGGCGGTT-1
3,d,1,a,2,c,AACTCTTTCGTCGTTC-1
2,a,4,b,4,d,AACTCTTTCGTTTATC-1
3,c,3,b,0,a,AACTGGTAGGAGCGTT-1
2,d,0,a,2,b,AACTGGTAGTCCTCCT-1
3,a,1,d,2,d,AACTGGTCAAGAAGAG-1
2,c,2,b,1,a,AACTGGTCAAGCCCAC-1
4,e,3,a,4,a,AACTGGTCACCTTGTC-1
0,c,3,d,0,c,AACTGGTCACGCATCG-1
2,e,4,d,4,a,AACTGGTCACGCTTTC-1
1,e,0,e,3,e,AACTGGTCATTGCGGC-1
0,b,0,d,2,d,AACTGGTGTAATCACC-1
1,b,1,b,4,e,AACTGGTGTACACCGC-1
3,e,4,d,0,e,AACTGGTGTGTGAAAT-1
4,c,2,a,1,c,AACTGGTTCACCGGGT-1
1,b,2,d,4,e,AACTGGTTCTGGGCCA-1
4,e,1,a,2,a,AACTTTCAGCAGGTCA-1
4,e,4,e,2,d,AACTTTCAGCGTGTCC-1
0,c,0,b,3,d,AACTTTCCAAAGTCAA-1
4,b,2,d,2,d,AACTTTCCAGACGCAA-1
4,a,0,c,0,d,AACTTTCCATCGTCGG-1
2,a,1,d,1,c,AACTTTCGTATGCTTG-1
3,a,1,c,4,b,AACTTTCGTTGTGGCC-1
2,b,3,e,1,a,AACTTTCTCATAAAGG-1
1,d,4,d,4,a,AACTTTCTCGCCAGCA-1
1,d,4,c,2,b,AACTTTCTCTGCTTGC-1
0,c,3,e,1,a,AACTTTCTCTTGCAAG-1
4,e,2,a,2,a,AAGACCTAGAACTGTA-1
4,a,0,a,1,e,AAGACCTAGTGTGGCA-1
2,c,0,e,1,e,AAGACCTCACACAGAG-1
0,e,0,b,3,c,AAGACCTCACGGCTAC-1
3,c,2,b,3,a,AAGACCTCAGTACACT-1
3,d,3,a,4,b,AAGACCTCATGCTAGT-1
1,a,2,b,0,e,AAGACCTGTGGTACAG-1
1,e,4,b,4,c,AAGACCTGTTGATTGC-1
1,a,2,d,4,b,AAGACCTTCAGCCTAA-1
4,d,0,b,4,d,AAGACCTTCCACGAAT-1
2,c,0,a,0,a,AAGACCTTCTCGTTTA-1
1,e,2,c,3,a,AAGCCGCAGAGTACCG-1
4,a,1,d,3,a,AAGCCGCAGCGTGAAC-1
1,d,4,b,1,b,AAGCCGCAGTTACCCA-1
3,e,3,c,3,c,AAGCCGCCACCACGTG-1
4,d,1,e,1,e,AAGCCGCCACGGATAG-1
3,c,1,e,2,c,AAGCCGCCATCCTTGC-1
0,e,1,a,4,e,AAGCCGCGTACAAGTA-1
3,e,4,a,3,d,AAGCCGCGTGACAAAT-1
1,b,0,b,1,a,AAGCCGCGTGACGGTA-1
2,d,0,e,2,a,AAGCCGCGTGCTCTTC-1
3,a,3,d,3,e,AAGCCGCTCCACGTGG-1
4,c,4,d,1,b,AAGCCGCTCCGTTGCT-1
4,e,0,a,1,b,AAGCCGCTCTGCGTAA-1
4,b,0,c,2,e,AAGGAGCAGTGGACGT-1
1,a,3,c,3,d,AAGGAGCGTAAACCTC-1
4,d,0,a,1,d,AAGGAGCGTAACGCGA-1
0,b,0,b,2,a,AAGGAGCGTACCAGTT-1
4,d,4,a,4,a,AAGGAGCGTGAGGGAG-1
3,b,4,c,4,c,AAGGAGCGTTGGGACA-1
1,a,2,b,4,b,AAGGAGCGTTGTCGCG-1
0,b,3,a,1,c,AAGGAGCTCAAGGCTT-1
2,e,1,d,0,b,AAGGAGCTCACGACTA-1
0,e,4,e,1,d,AAGGAGCTCAGCTCGG-1
2,e,2,b,1,b,AAGGAGCTCCGGCACA-1
2,e,1,e,4,a,AAGGAGCTCGCTTAGA-1
2,a,1,b,4,c,AAGGAGCTCTGTCAAG-1
3,e,3,b,4,a,AAGGCAGAGTGTCCCG-1
2,e,2,b,4,c,AAGGCAGCAAAGCAAT-1
3,e,4,d,0,c,AAGGCAGGTCTCTCTG-1
4,d,3,b,1,a,AAGGCAGTCGCGTTTC-1
1,a,0,b,2,a,AAGGCAGTCGGACAAG-1
3,e,1,b,2,c,AAGGCAGTCGTACCGG-1
2,b,3,e,0,e,AAGGCAGTCTATCCCG-1
0,a,0,c,2,b,AAGGTTCAGACATAAC-1
3,b,4,b,2,c,AAGGTTCAGCTGCCCA-1
3,c,3,c,2,c,AAGGTTCAGTGACATA-1
1,b,1,a,0,c,AAGGTTCAGTTATCGC-1
0,e,0,a,2,b,AAGGTTCCACACGCTG-1
0,e,4,c,2,a,AAGGTTCCACTGCCAG-1
4,e,3,b,4,b,AAGGTTCCACTTAACG-1
2,a,2,c,4,d,AAGGTTCCAGTGGGAT-1
3,d,0,c,0,e,AAGGTTCCATATACGC-1
1,b,0,d,3,a,AAGGTTCCATGGGAAC-1
0,b,3,c,2,a,AAGGTTCTCCCTAACC-1
4,c,0,a,2,d,AAGGTTCTCGGCTACG-1
1,c,4,a,0,c,AAGTCTGAGGGTGTTG-1
0,d,1,d,2,d,AAGTCTGAGTTCGCAT-1
1,c,0,c,4,d,AAGTCTGCAGCCTGTG-1
1,c,3,d,4,a,AAGTCTGGTAACGACG-1
0,e,2,a,2,c,AAGTCTGGTACCTACA-1
1,a,2,a,3,c,AAGTCTGGTAGCTCCG-1
0,b,2,b,0,a,AAGTCTGGTGGCGAAT-1
2,e,4,c,2,c,AAGTCTGTCAACGCTA-1
3,a,4,e,3,b,AAGTCTGTCCTGCCAT-1
2,c,4,a,0,b,AAGTCTGTCTTGAGAC-1
0,b,1,c,1,e,AAGTCTGTCTTGCATT-1
1,c,1,c,0,b,AATCCAGAGAACAACT-1
2,a,4,a,2,e,AATCCAGAGATATACG-1
1,d,1,e,3,b,AATCCAGAGTGTCCCG-1
0,d,3,a,1,c,AATCCAGCAATGAATG-1
4,d,1,b,4,d,AATCCAGCACCAGGCT-1
0,a,2,a,3,d,AATCCAGCACTACAGT-1
3,c,4,a,3,b,AATCCAGCATAAAGGT-1
4,d,4,e,3,c,AATCCAGCATCTATGG-1
4,d,4,b,0,e,AATCCAGTCAGTCCCT-1
0,b,0,a,4,b,AATCCAGTCTTCAACT-1
4,d,1,d,2,a,AATCCAGTCTTCTGGC-1
3,c,2,d,2,d,AATCGGTAGGTTCCTA-1
3,a,0,a,2,a,AATCGGTCATCGACGC-1
2,e,1,a,0,c,AATCGGTGTATAGGTA-1
0,a,4,d,2,e,AATCGGTGTATGCTTG-1
2,c,0,d,3,e,AATCGGTGTCAGAGGT-1
4,a,1,a,3,a,AATCGGTGTCCAGTAT-1
4,a,3,a,3,e,AATCGGTGTCCCTACT-1
3,c,4,d,3,a,AATCGGTGTTGTGGCC-1
3,e,2,b,1,e,AATCGGTTCCGTTGTC-1
3,e,0,d,2,d,AATCGGTTCGAACGGA-1
4,a,2,e,4,e,ACACCAAAGACCTAGG-1
3,d,0,d,2,c,ACACCAAAGCGATAGC-1
1,c,4,d,1,d,ACACCAAAGGTAGCCA-1
0,c,2,e,0,d,ACACCAAAGTGAAGAG-1
3,e,3,b,0,a,ACACCAAAGTGGAGAA-1
2,c,2,d,3,e,ACACCAAAGTGGAGTC-1
1,c,4,a,4,a,ACACCAACACGCCAGT-1
4,a,1,e,3,b,ACACCAACAGATAATG-1
1,c,4,b,1,d,ACACCAACATGCGCAC-1
2,e,1,d,3,c,ACACCAAGTGGTAACG-1
4,d,1,e,1,e,ACACCAATCAACGCTA-1
1,a,3,d,0,c,ACACCAATCCACGCAG-1
4,e,4,b,2,b,ACACCAATCGGATGTT-1
2,d,1,c,2,e,ACACCAATCTCACATT-1
4,d,0,e,3,d,ACACCAATCTCTGAGA-1
3,d,4,a,2,b,ACACCCTAGACTTTCG-1
4,d,4,b,3,d,ACACCCTAGTCGTACT-1
1,e,4,c,3,c,ACACCCTAGTGGTAAT-1
3,c,1,b,4,e,ACACCCTGTAGCGTCC-1
3,a,0,c,1,d,ACACCCTGTGATGCCC-1
1,d,2,c,0,a,ACACCCTGTGTGGTTT-1
2,d,2,a,2,e,ACACCCTGTGTTTGGT-1
2,d,0,e,3,d,ACACCCTGTTGGAGGT-1
1,b,0,d,2,d,ACACCCTTCCAGTAGT-1
3,c,2,e,4,c,ACACCCTTCTGCAAGT-1
3,a,2,c,1,e,ACACCGGAGCTAACAA-1
4,c,1,c,4,a,ACACCGGAGTGAACGC-1
0,a,3,c,3,d,ACACCGGCATACTCTT-1
2,b,1,e,3,a,ACACCGGGTAGCTGCC-1
0,c,0,e,2,d,ACACCGGGTATCTGCA-1
3,d,4,b,1,d,ACACCGGGTGAGCGAT-1
1,c,2,e,0,a,ACACCGGGTGGCTCCA-1
3,e,2,a,0,a,ACACCGGTCCAAACAC-1
4,c,4,b,2,a,ACACCGGTCCTTGACC-1
1,a,4,a,0,e,ACACTGAAGCAAATCA-1
0,a,3,c,1,c,ACACTGAAGCTGGAAC-1
2,e,3,a,4,d,ACACTGAAGGATGTAT-1
1,c,4,b,3,a,ACACTGAAGGCGCTCT-1
2,d,3,c,4,e,ACACTGACAAAGCGGT-1
1,a,1,b,3,a,ACACTGAGTCTACCTC-1
1,e,3,e,2,c,ACACTGAGTGACCAAG-1
3,a,3,a,2,e,ACACTGATCCAGAAGG-1
4,c,0,d,4,d,ACACTGATCCGCGTTT-1
4,e,1,d,2,c,ACACTGATCTGCGGCA-1
1,c,1,e,2,e,ACAGCCGAGCTAACTC-1
4,c,4,d,4,a,ACAGCCGAGTTTAGGA-1
3,c,3,e,2,d,ACAGCCGCAGGACCCT-1
1,c,0,e,0,d,ACAGCCGCAGGTGGAT-1
0,b,0,c,0,d,ACAGCCGCATACTCTT-1
0,b,4,d,4,b,ACAGCCGGTTCAGCGC-1
1,c,3,c,3,c,ACAGCCGGTTGACGTT-1
3,a,0,b,2,d,ACAGCCGTCCACTGGG-1
4,d,1,b,4,c,ACAGCCGTCGCACTCT-1
2,c,1,e,0,a,ACAGCTAAGACCCACC-1
2,e,0,e,2,e,ACAGCTAAGGATGGAA-1
0,d,2,d,1,a,ACAGCTAAGGGTGTTG-1
4,d,3,c,0,c,ACAGCTACACCGTTGG-1
3,a,2,a,4,d,ACAGCTACATAGGATA-1
0,c,3,d,4,a,ACAGCTAGTAAGGATT-1
2,b,3,b,2,a,ACAGCTAGTAAGGGAA-1
4,d,3,e,3,c,ACAGCTAGTCGAATCT-1
3,b,2,c,1,a,ACAGCTAGTCTCGTTC-1
3,c,0,b,1,e,ACAGCTAGTGACGGTA-1
4,d,3,c,3,a,ACAGCTAGTGTTGGGA-1
4,a,0,c,1,a,ACAGCTATCAACCAAC-1
4,d,3,e,1,e,ACAGCTATCATTTGGG-1
3,c,3,c,4,a,ACAGCTATCCAATGGT-1
2,a,4,c,2,d,ACAGCTATCCCTCTTT-1
3,a,0,a,0,a,ACAGCTATCGCTAGCG-1
0,a,0,e,3,e,ACATACGAGGCGACAT-1
2,b,0,d,3,d,ACATACGAGTGCCATT-1
4,e,4,b,1,d,ACATACGAGTGGAGAA-1
3,d,2,e,3,c,ACATACGCACTACAGT-1
3,b,3,d,2,c,ACATACGCAGCTATTG-1
3,b,2,b,4,a,ACATACGCATGGTAGG-1
1,a,4,a,0,b,ACATACGGTATAGGTA-1
0,a,3,b,4,d,ACATACGGTTCTGTTT-1
1,b,0,d,1,c,ACATACGTCCGTACAA-1
1,d,0,b,3,e,ACATACGTCTTAGAGC-1
3,e,4,d,2,b,ACATCAGAGGCGATAC-1
1,e,4,b,1,d,ACATCAGAGTACCGGA-1
4,b,3,d,3,b,ACATCAGAGTACGCCC-1
1,c,3,d,1,b,ACATCAGCATACCATG-1
4,c,3,d,3,e,ACATCAGCATGCCCGA-1
4,d,2,c,0,b,ACATCAGGTTATCGGT-1
4,b,1,c,1,a,ACATCAGTCAACGGCC-1
0,e,0,c,1,b,ACATCAGTCATCGGAT-1
4,e,2,c,1,d,ACATCAGTCTCGGACG-1
3,a,0,c,4,d,ACATCAGTCTTAGCCC-1
2,b,0,b,4,a,ACATGGTAGACTTGAA-1
4,a,4,e,4,a,ACATGGTAGCAATATG-1
4,d,4,b,1,a,ACATGGTAGCACGCCT-1
2,a,2,a,0,c,ACATGGTAGGGCTCTC-1
2,d,3,d,2,e,ACATGGTAGGGTGTTG-1
4,d,3,c,4,b,ACATGGTAGTTACCCA-1
1,b,3,c,1,d,ACATGGTCAGCGTTCG-1
2,e,0,c,2,a,ACATGGTCATACTACG-1
3,c,4,c,2,c,ACATGGTGTACGACCC-1
2,b,4,a,1,b,ACATGGTTCACCAGGC-1
4,e,1,d,0,d,ACATGGTTCCAGATCA-1
3,e,0,d,3,b,ACCAGTAAGACCTAGG-1
4,c,4,a,4,d,ACCAGTACAAACGTGG-1
1,c,1,b,3,c,ACCAGTACACCATGTA-1
2,d,0,d,0,e,ACCAGTACATCAGTAC-1
2,a,1,e,0,c,ACCAGTAGTAAGAGAG-1
0,e,4,a,1,b,ACCAGTAGTCTACCTC-1
1,c,0,d,3,b,ACCAGTATCATCATTC-1
0,a,0,d,3,d,ACCAGTATCCCAAGTA-1
3,e,4,b,4,c,ACCCACTAGATGCGAC-1
3,c,4,a,0,d,ACCCACTAGTCCTCCT-1
0,e,0,a,3,c,ACCCACTCACCCAGTG-1
0,d,4,d,1,e,ACCCACTCAGTCTTCC-1
2,c,3,c,1,c,ACCCACTCATACCATG-1
3,c,2,b,0,d,ACCCACTGTACGACCC-1
0,b,0,a,0,d,ACCCACTGTATGAATG-1
1,a,2,b,0,d,ACCCACTGTCTCAACA-1
2,b,0,b,1,c,ACCCACTGTCTGCAAT-1
3,b,4,d,3,e,ACCCACTTCAGCTGGC-1
1,c,4,b,2,b,ACCGTAAAGCCCGAAA-1
4,d,2,c,1,a,ACCGTAAAGGACGAAA-1
0,c,4,a,2,c,ACCGTAAAGGCACATG-1
1,e,1,d,4,e,ACCGTAACAATTGCTG-1
4,b,3,b,2,a,ACCGTAACACACTGCG-1
1,b,0,b,3,b,ACCGTAACATGGTCAT-1
4,a,1,b,0,b,ACCGTAACATTGCGGC-1
3,a,4,c,2,e,ACCGTAAGTACAGACG-1
2,e,2,c,4,c,ACCGTAATCACAAACC-1
4,b,2,b,1,d,ACCGTAATCAGAAATG-1
4,a,0,b,4,a,ACCGTAATCAGCTTAG-1
2,b,3,e,3,b,ACCGTAATCGGCGCTA-1
2,e,3,b,1,d,ACCTTTAAGGTTACCT-1
3,c,2,a,3,e,ACCTTTAAGTCGTACT-1
0,a,3,e,0,e,ACCTTTAAGTCTCAAC-1
4,b,3,e,2,a,ACCTTTAAGTGCTGCC-1
1,a,4,e,4,c,ACCTTTACAACTGGCC-1
4,e,3,d,1,e,ACCTTTACACGCATCG-1
1,a,2,b,0,a,ACCTTTACATCACCCT-1
2,b,3,c,3,a,ACCTTTAGTAAGCACG-1
0,c,0,c,2,b,ACCTTTAGTCCAACTA-1
4,e,3,b,2,a,ACCTTTAGTTCCACTC-1
0,c,3,d,4,b,ACCTTTATCATCGCTC-1
4,a,0,c,0,b,ACCTTTATCATGCATG-1
4,a,1,b,2,e,ACCTTTATCCCAACGG-1
0,d,4,a,4,a,ACCTTTATCGGCATCG-1
0,b,0,a,1,b,ACCTTTATCTAGCACA-1
4,c,4,b,3,e,ACGAGCCAGCTGAAAT-1
2,a,1,b,3,d,ACGAGCCAGGTGTTAA-1
4,e,1,b,3,e,ACGAGCCAGTAGGTGC-1
4,c,0,e,2,a,ACGAGCCAGTTCGCAT-1
1,c,4,e,4,a,ACGAGCCCACGCATCG-1
4,b,4,b,0,d,ACGAGCCCAGACGCCT-1
3,c,0,d,1,b,ACGAGCCCAGTAAGAT-1
4,d,4,a,4,b,ACGAGCCCATCACAAC-1
4,b,0,a,4,a,ACGAGCCGTAACGTTC-1
3,a,2,c,2,c,ACGAGCCGTAGCTAAA-1
2,d,3,c,3,c,ACGAGCCGTCCGAGTC-1
3,c,3,b,1,a,ACGAGCCGTCGAGTTT-1
0,d,3,b,4,e,ACGAGCCTCCCGACTT-1
0,e,0,a,0,b,ACGAGCCTCTCGATGA-1
1,d,2,d,2,b,ACGAGCCTCTGCGACG-1
3,d,3,c,1,b,ACGAGGAAGGAGTACC-1
1,e,1,e,3,d,ACGAGGACAAGCCGTC-1
2,d,4,a,0,b,ACGAGGACACAGCCCA-1
4,c,0,a,1,c,ACGAGGACATTAACCG-1
2,d,0,e,4,c,ACGAGGAGTGTGACCC-1
4,e,1,e,1,b,ACGATACCAAGCCGTC-1
1,b,1,a,0,e,ACGATACCACAGATTC-1
2,c,4,a,4,c,ACGATACCACAGGCCT-1
1,a,4,b,4,c,ACGATACGTATAGTAG-1
4,a,1,e,2,d,ACGATACGTCGCGAAA-1
4,e,3,d,1,d,ACGATACGTGATGCCC-1
0,c,1,c,1,a,ACGATACGTTTAGGAA-1
2,a,1,d,3,a,ACGATACTCACCCTCA-1
3,b,4,a,1,b,ACGATACTCGCGATCG-1
0,e,4,c,0,a,ACGATACTCTGGTATG-1
3,a,1,a,2,c,ACGATACTCTGTTTGT-1
0,a,4,e,3,d,ACGATGTAGGATGGAA-1
0,c,2,a,2,a,ACGATGTAGTGGAGTC-1
1,d,3,c,2,b,ACGATGTCAACACCCG-1
4,c,0,b,3,c,ACGATGTCATTGAGCT-1
1,e,2,d,0,b,ACGATGTGTGATGCCC-1
4,c,1,b,3,e,ACGATGTGTTACCAGT-1
2,d,0,b,4,e,ACGATGTGTTGCCTCT-1
3,c,1,d,4,e,ACGATGTTCAGTACGT-1
2,c,3,e,2,d,ACGATGTTCCAACCAA-1
2,b,3,b,4,c,ACGATGTTCCAGAAGG-1
3,b,1,d,1,e,ACGATGTTCCGGGTGT-1
1,a,1,e,0,d,ACGATGTTCTTTACAC-1
2,d,0,e,3,e,ACGCAGCAGCTCCCAG-1
4,d,3,c,3,d,ACGCAGCAGTTTAGGA-1
2,a,2,b,0,c,ACGCAGCCAAGCGCTC-1
0,b,3,d,2,d,ACGCAGCCAATGGAGC-1
0,e,3,b,3,a,ACGCAGCCAGACGCCT-1
0,e,3,a,2,a,ACGCAGCCATTCCTGC-1
1,e,0,b,2,e,ACGCAGCGTACCAGTT-1
1,d,2,c,0,e,ACGCAGCGTCACCCAG-1
4,e,4,a,3,c,ACGCAGCTCCAACCAA-1
1,b,3,d,3,d,ACGCAGCTCCGCTGTT-1
0,c,1,d,4,e,ACGCAGCTCGTAGGTT-1
0,d,0,d,1,d,ACGCCAGAGCCACCTG-1
0,a,4,d,0,b,ACGCCAGAGCCAGTTT-1
4,c,2,c,1,a,ACGCCAGAGCGCCTTG-1
3,b,0,c,1,b,ACGCCAGAGCTTCGCG-1
4,a,0,d,1,c,ACGCCAGGTTATGTGC-1
4,c,4,a,0,a,ACGCCAGTCAGTACGT-1
4,c,0,a,3,e,ACGCCAGTCGCCCTTA-1
2,e,2,d,2,c,ACGCCAGTCGTCACGG-1
1,b,1,c,1,b,ACGCCAGTCTTGTATC-1
4,a,4,c,0,b,ACGCCGAAGCTAGTGG-1
3,c,1,b,1,a,ACGCCGAAGCTGAAAT-1
3,e,3,e,4,c,ACGCCGAAGCTGAACG-1
1,c,4,b,3,b,ACGCCGAAGTACGACG-1
1,b,2,d,3,a,ACGCCGAAGTGAATTG-1
1,e,0,b,1,c,ACGCCGACAGACAAAT-1
2,e,2,d,2,e,ACGCCGACATCCGTGG-1
0,d,0,b,4,b,ACGCCGACATTTGCTT-1
3,d,0,e,4,e,ACGCCGATCACAAACC-1
4,e,0,b,4,b,ACGCCGATCTCCGGTT-1
4,a,4,e,3,c,ACGGAGAAGCGCTCCA-1
0,c,3,e,1,a,ACGGAGAAGGGAACGG-1
1,b,1,b,4,c,ACGGAGAAGGTCATCT-1
0,b,2,e,2,d,ACGGAGACACACTGCG-1
3,a,0,c,0,d,ACGGAGACACCTATCC-1
1,a,1,b,4,a,ACGGAGACACGAAATA-1
0,b,2,b,3,b,ACGGAGAGTACATGTC-1
4,a,2,a,3,c,ACGGAGAGTGATGCCC-1
0,e,4,a,2,b,ACGGAGAGTTAAGGGC-1
3,a,1,c,0,e,ACGGAGATCTCTTGAT-1
0,e,2,b,3,a,ACGGCCAAGGCTAGAC-1
4,e,4,b,1,b,ACGGCCACATCACGTA-1
